id,n_gt,n_pred,count_error,mAP_image
58cc121d37fb7f1b4a5252024d88415936781e540252b8f734faeedd29b682d5,49,41,8,0.3131617603304343
e321cfa987e77c21373a0f8b1236c83d6636306949a82a7f5b07fc0838e7777f,15,13,2,0.36463009132574353
1b518cd2ea84a389c267662840f3d902d0129fab27696215db2488de6d4316c5,76,70,6,0.6140977725552499
4d40de30a3db3bc4f241cb7f48e8497c11e8f20a99bf55788bdce17242029745,28,24,4,0.5284770114942529
483b89aa683542f1c63e62f5f71ae8ae1f959caf1c379cd61230a71cd1036732,13,13,0,0.8522142857142857
07fb37aafa6626608af90c1e18f6a743f29b6b233d2e427dcd1102df6a916cf5,313,186,127,0.1465802172019693
f534b43bf37ff946a310a0f08315d76c3fb3394681cf523acef7c0682240072a,18,15,3,0.5560897435897436
df9a4212ecb67bb4e58eba62f293b91f9d6f1dde73e38fa891c75661d419fc97,26,25,1,0.751056574239714
13f2bec0a24c70345372febb14c4352877b1b6c1b01896246048e83c345c0914,17,16,1,0.1177015135865247
79fe419488ba98494e3baa35c6fef9662eda1efe325d0ab0ac002f5383245d96,74,50,24,0.283072584651194
7c0157913223365720209ac83ff2e0b1b2b460173acd615c67646014093a2b97,25,22,3,0.6812494912494912
1631352dbafb8a90f11219fffd3bea368a30bc3bad3bbe0e84e19bd720df4945,32,29,3,0.4031367382286001
136000dc18fa6def2d6c98d4d0b2084d13c22eaffe82e26c665bcaa2a9e51261,34,29,5,0.3311329566750795
88678981648b184b23b6c04999f29210cbe351f85b61d2bf99e306fd67a2998a,10,10,0,0.8481203007518797
e52960d31f8bddf85400259beb4521383f5ceface1080be3429f2f926cc9b5c2,130,114,16,0.6120703897732749
84eeec681987753029eb83ea5f3ff7e8b5697783cdb2035f2882d40c9a3f1029,1,1,0,0.8
04acab7636c4cf61d288a5962f15fa456b7bde31a021e5deedfbf51288e4001e,82,75,7,0.34499297137040946
af8621ef0db8c26b0bce6385bd5609b584bfd678fcf7a234b8a15e6bb05c15ac,22,21,1,0.7328380726027784
40b00d701695d8ea5d59f95ac39e18004040c96d17fbc1a539317c674eca084b,24,20,4,0.17388213114075307
f4c4db3df4ff0de90f44b027fc2e28c16bf7e5c75ea75b0a9762bbb7ac86e7a3,68,0,68,0.0
f6b16c885c0b2bc0d0eb2bb2eeb0a2753ebafb5a7a91da10e89b0b0478984637,8,7,1,0.6696428571428571
45f059cf21d85ecfce0eb93260516f1e2443d210e9a52f9ae2271d604aa3fcc5,15,18,3,0.16304520896233912
a486f6ed4b8781e7883e433d06a83dd66db3e8b36d45b9976c4214820ee22629,53,47,6,0.6433532258662256
16c3d5935ba94b720becc24b7a05741c26149e221e3401924080f41e2f891368,11,8,3,0.30296317244846654
1b2bf5933b0fb82918d278983bee66e9532b53807c3638efd9af66d20a2bae88,11,11,0,0.7624561403508772
e5a6c5e01e6a4ef676a2d975374e995dd55792ea317a8e110bebc37da83a4ce8,26,15,11,0.3506653496308669
93c5638e7e6433b5c9cc87c152bcbe28873d2f9d6a392cca0642520807542a77,1,1,0,0.7
05040e2e959c3f5632558fc9683fec88f0010026c555b499066346f67fdd0e13,24,23,1,0.7952929606625257
abc781c8721fe04b877a7e324494eb75aa5bce94950a0e4e4d7d6ffc9e74da62,11,8,3,0.5887445887445887
8175a55b711c948fe383bd3b91b6ca1b9e048a5241e0be13aff31ce2674fbe6d,11,11,0,0.8039926739926739
f4faa3a409014db1865074c5f66a0255f71ae3faba03265da0b3b91f68e8a8f0,14,13,1,0.8578571428571429
8b12e18670e4b24d03567d1e17c0c24fadf0ea2c1e763983dd6bb4c44b7376a6,7,7,0,0.8400000000000001
c44ed955eb2e5c8d820b01477e122b32eff6dd475343e11229c33d8af3473b22,123,109,14,0.5381582324184871
3934a094e8537841e973342c7f8880606f7a2712b14930340d6f6c2afe178c25,65,44,21,0.1997627369105549
37ed50eea5a1e0bade3e6753793b6caeb061cd4c2f365658c257f69cab1f6288,38,33,5,0.3477232219158567
0ddd8deaf1696db68b00c600601c6a74a0502caaf274222c8367bdc31458ae7e,32,28,4,0.3998585972292116
a6515d73077866808ad4cb837ecdac33612527b8a1041e82135e40fce2bb9380,15,18,3,0.13451998897160186
fa751ff3a6332c95cb5cb1d28563553914295e9e7d35c4b6bd267241e8a0787c,43,39,4,0.6247870643727306
6af82abb29539000be4696884fc822d3cafcb2105906dc7582c92dccad8948c5,45,43,2,0.5813789548818724
356d9903d16074f152fe8f2f0ef555d9959c53264228eae7373cad5cf35d4e85,54,42,12,0.4843598989256554
be771d6831e3f8f1af4696bc08a582f163735db5baf9906e4729acc6a05e1187,18,17,1,0.3786623395134687
0c2550a23b8a0f29a7575de8c61690d3c31bc897dd5ba66caec201d201a278c2,73,50,23,0.26936239274066026
af576e8ec3a8d0b57eb6a311299e9e4fd2047970d3dd9d6f52e54ea6a91109da,2,1,1,0.3
4829177d0b36abdd92c4ef0c7834cbc49f95232076bdd7e828f1f7cbb5ed80ec,8,7,1,0.715530303030303
c2a646a819f59a4e816e0ee8ea00ba10d5de9ac20b5a435c41192637790dabee,64,58,6,0.6001389656101082
7aa1aaa5e032a980f434c8ed63efb57ab0d338d6154c47f7bb75afdc89f43c04,66,63,3,0.43460482540145023
6bd330234b763b77796d4804de8e224881c0fc8dd02650fa708b2edfd8c7461f,25,19,6,0.665690699544358
220b37f4ca7cab486d2b71cd87a46ee7411a5aa142799d96ed98015ab5ba538a,1,1,0,0.2
7978812d0e2e034ee1f9c141f019705582fcaa290e4a01c6c75a62753285cb23,25,24,1,0.8105669515669515
20b20ab049372d184c705acebe7af026d3580f5fd5a72ed796e3622e1685af2f,289,0,289,0.0
8d05fb18ee0cda107d56735cafa6197a31884e0a5092dc6d41760fb92ae23ab4,94,0,94,0.0
0e21d7b3eea8cdbbed60d51d72f4f8c1974c5d76a8a3893a7d5835c85284132e,29,26,3,0.3777286061033286
43cf6b2ec0b0745ac2b87b4d8780f62e9050d3f5d50a1fcefa42d166191e84c6,23,22,1,0.869418158567775
d7ec8003735996458b56ccb8ae34d080eb2a6adabef931323239632515b4b220,7,6,1,0.49904761904761896
6bc8cda54f5b66a2a27d962ac219f8075bf7cc43b87ba0c9e776404370429e80,18,14,4,0.6771929824561403
2349e95ece2857c89db7e4a8be8c88af0b45f3c4262608120cb3bd6ef51fd241,9,8,1,0.6985470085470086
8efed2e62c919e6d70a2ab548b1a33014877fe8a23f177ef25a9dee25ffe8842,260,166,94,0.23251503387071018
e81c758e1ca177b0942ecad62cf8d321ffc315376135bcbed3df932a6e5b40c0,47,49,2,0.22821929259644524
8d29c5a03e0560c8f9338e8eb7bccf47930149c8173f9ba4b9279fb87d86cf6d,37,30,7,0.5794666828728088
516a0e20327d6dfcedcf57e3056115e4fb29cdf4cb349003bdfc75c9b7f5c2cf,22,19,3,0.763621212121212
20e209f6ffa120a72712e1b4c1d3e24d1339227e2936abd4bbd49a636fada423,31,25,6,0.4702361824456517
8f6e49e474ebb649a1e99662243d51a46cc9ba0c9c8f1efe2e2b662a81b48de1,74,60,14,0.3106902600337496
76faaed50ed6ea6814ac36199964b86fb09ba7f41a6f213bceaa80d625adc2e1,111,92,19,0.6056600574038165
9620c33d8ef2772dbc5bd152429f507bd7fafb27e12109003292b671e556b089,168,129,39,0.3740910424127569
4e92129f4e8066d6f560d6022cd343a2245939aa49d8b06cddbd9bfc7e7eeb0e,46,38,8,0.3740590856047862
c0152b1a260e71f9823d17f4fbb4bf7020d5dce62b4a12b3099c1c8e52a1c43a,25,17,8,0.23859437120458135
3ab9cab6212fabd723a2c5a1949c2ded19980398b56e6080978e796f45cbbc90,23,18,5,0.3451524584929757
f6863b83d75e5927b30e2e326405b588293283c25aaef2251b30c343296b9cb1,92,61,31,0.39289320506882963
ea00f5a91ca75e745d675201cc62d7db266f8e2787033e15a7dd5f1cc5c0ad72,40,37,3,0.7083366336182959
953211bcc0192e2298087d30e708dba68def9e0c13a3ff3326a18b0962c63adc,14,15,1,0.27314219914334326
1f9e429c12f4477221b5b855a5f494fda2ef6d064ff75b061ffaf093e91758c5,77,59,18,0.3761901706763716
eb1df8ed879d04b36980b0958a0e8fc446ad08c0bdcf3b5f42e3db023187c7e5,59,54,5,0.41071930745474566
6f8197baf738986a1ec3b6ba92b567863d897a739376b7cec5599ad6cecafdfc,20,19,1,0.8066060606060607
6bd18a218d25247dc456aed124c066a6397fb93086e860e4d04014bfa9c9555d,46,39,7,0.5273703884239295
3bfa8b3b01fd24a28477f103063d17368a7398b27331e020f3a0ef59bf68c940,82,51,31,0.15152264396987952
9cbc0700317361236a9fca2eb1f8f79e3a7da17b1970c179cf453921a6136001,7,4,3,0.27380952380952384
1400420310c9094361a8a243545187f1d4c2365e081b3bb08c5fa29c7491a55b,25,23,2,0.3838388603236002
351771edfc5db5665ded8aa4940257276b6526663c76e3b60b92a52584d8943c,106,92,14,0.4142436969437254
b909aa8f6f4bec37c3fb6ff5a85d166162d07983506fcc57be742b0f9dbafbf7,9,8,1,0.2567628205128205
0e5edb072788c7b1da8829b02a49ba25668b09f7201cf2b70b111fc3b853d14f,28,28,0,0.7707183065358816
5bda829acd824821bc1f3f6573cf065d364653d5322f033a4af943f7a6170566,20,17,3,0.7603030303030303
29ea4f6eb4545f43868a9b40a60000426bf8dfd9d062546656a37bd2a2aaf9ec,13,11,2,0.5542379359770664
a31deaf0ac279d5f34fb2eca80cc2abce6ef30bd64e7aca40efe4b2ba8e9ad3d,87,49,38,0.16850734485814295
e49fc2b4f1f39d481a6525225ab3f688be5c87f56884456ad54c953315efae83,69,41,28,0.15163347398859794
1609b1b8480ee52652a644403b3f7d5511410a016750aa3b9a4c8ddb3e893e8e,19,18,1,0.7220573357801618
abbfff07379bceb69dba41dad8b0db5eb80cc8baf3d4af87b7ee20b0dac32215,37,30,7,0.40877020983832135
d910b2b1be8406caecfe31a503d412ffc4e3d488286242ebc7381836121dd4ef,24,17,7,0.4521314839375184
49edc2f7715100fb0390916e52b3fd11a921f02e59509dc987f67840a36250fc,70,63,7,0.7207657244838896
03398329ced0c23b9ac3fac84dd53a87d9ffe4d9d10f1b5fe8df8fac12380776,16,12,4,0.4044335070960458
53ad09e4348767bece0165884bf40c10b72ae18444e3f414a850442f02385efc,123,110,13,0.6366346348118619
0ea221716cf13710214dcd331a61cea48308c3940df1d28cfc7fd817c83714e1,369,182,187,0.11349776454102686
0287e7ee5b007c91ae2bd7628d09735e70496bc6127ecb7f3dd043e04ce37426,62,52,10,0.4005204444120337
ae9f76b5360df3f60f3cdd389652b96e823080bb830dd8c79e7f1e597d51bc1c,73,55,18,0.42565603081138087
ddf1bf458312de2895dd9cc5ce7ec9d334ad54c35edc96ad6001d20b1d8588d8,30,17,13,0.16994908014321908
f113626a04125d97b27f21b45a0ce9a686d73dee7b5dbc0725d49194ba0203bd,23,23,0,0.9123333333333333
1d5f4717e179a03675a5aac3fc1c862fb442ddc3e373923016fd6b1430da889b,7,5,2,0.6519480519480519
bb61fc17daf8bdd4e16fdcf50137a8d7762bec486ede9249d92e511fcb693676,37,38,1,0.3596496191571328
bb481eae02085bbae08742f702b9ab7d8b2ff9df2fbefeee9fac51f7c77dd01f,26,24,2,0.24681825955575948
5afb7932e9c7328f4fb1d7a8166a3699d6cdc5192b93758a75e9956f1513c5a3,272,162,110,0.1888496842305582
7f2b154541166210f468d89bb0a7184f10e51168a181dbb8b686c14654ffa317,102,75,27,0.37876952651845947
01d44a26f6680c42ba94c9bc6339228579a95d0e2695b149b7cc0c9592b21baf,7,7,0,0.3022377622377622
8a26b134fe9343c0c794513dae7787b7ac1debec3bb2a7096ab0b874a31d8175,29,22,7,0.42481331168831177
98a463483fe3a56deacc8bc00ab8aa62668bd40ad0c70bbe7deb10d3e4aeb0c0,124,112,12,0.575793879818304
d827a7d80fc67487a3237135e0d43ae01b7bbcb135e1a167601fc974a8348c51,29,28,1,0.4309387809169847
66612c188d73e931e1863af2c99d2af782c32f65fd97d224abb40bbadb87263f,15,13,2,0.6967429193899782
797945873ca2a95f028671714b71eb3f883efe9dae7fcd3fc0ea1521efb73aaa,22,21,1,0.8499954827780914
5e263abff938acba1c0cff698261c7c00c23d7376e3ceacc3d5d4a655216b16d,78,0,78,0.0
07761fa39f60dc37022dbbe8d8694595fd5b77ceb2af2a2724768c8e524d6770,5,5,0,0.753968253968254
ac8169a0debed11560f3f0e246c05ea82d03c66346f1576cc8268554cb3f549f,23,23,0,0.6042062614907442
a7a581e6760df4701941670e73d72533e3b0fbd7563488ad92772b41f7709710,124,111,13,0.5494361997385158
f8e74d4006dd68c1dbe68df7be905835e00d8ba4916f3b18884509a15fdc0b55,57,38,19,0.4121589085697357
5b2ccfb94dedf2ec8797c0404fc324888e35ab903c41bb26f070552033ca8e6c,36,38,2,0.42337750568744587
a22b7882fa85b9f0fcef659a7b82bfcddf01710f9a7617a9e036e84ac6901841,31,25,6,0.5335284347276316
64eeef16fdc4e26523d27bfa71a1d38d2cb2e4fa116c0d0ea56b1322f806f0b9,90,79,11,0.537621325075897
1a75de9e11303142864efed27e69ea1960dbd82ca910de221a777ed2caf35a6b,20,19,1,0.7160417648318698
bf4a61bb81589c9a67e3343408befd3e135af5e88b50c17f998f2131d24bc271,3,2,1,0.3833333333333333
c8ca945abc29d262a5525e4c2585541bba33fa77c86a47c94575d8e5b54c83fb,27,22,5,0.7278632478632479
30311520606ec99b6a810ae1a9a753df991777d374212423bb075c408a98ed74,46,38,8,0.42836030537439695
b6c9b58de0388891221b8f7a83cbf0b8f8379b51b5c9a127bf43a4fc49f1cc48,18,16,2,0.7970955165692007
03f583ec5018739f4abb9b3b4a580ac43bd933c4337ad8877aa18b1dfb59fc9a,17,16,1,0.6853801169590643
7d40ea6ead1bec903f26d9046d291aedcb12a584b4d3b337ea252b34c7d86072,21,21,0,0.5489774859287054
fadeb0ab092833f27daaeb3e24223eb090f9536b83f68cde8f49df7c544f711b,39,32,7,0.41851538902476104
58c593bcb98386e7fd42a1d34e291db93477624b164e83ab2afa3caa90d1d921,2,4,2,0.1
e5aeb5b3577abbebe8982b5dd7d22c4257250ad3000661a42f38bf9248d291fd,2,2,0,0.7333333333333333
5f9d29d6388c700f35a3c29fa1b1ce0c1cba6667d05fdb70bd1e89004dcf71ed,148,131,17,0.5763160548027939
3f9fc8e63f87e8a56d3eaef7db26f1b6db874d19f12abd5a752821b78d47661e,156,131,25,0.5779881043031804
a5fe0b7412dd152c41f7afc34ffdf276d4261b6942fa6d36803648e90f2cfc06,29,26,3,0.34990030778651426
92e7e86e765e05ce331c07a6d14f0a696eac7ee40058699243900f40b696d7aa,12,8,4,0.4740573152337858
9a71a416f98971aa14f63ef91242654cc9191a1414ce8bbd38066fe94559aa4f,10,10,0,0.8151515151515152
93cfd412c7de5210bbd262ec3a602cfea65072e9272e9fce9b5339a5b9436eb7,6,3,3,0.1
f7e5dcfc9c93183c668c5a4ab028d5faad54fb54298711f2caae0508aa978300,26,24,2,0.4180545064624622
1a75e9f15481d11084fe66bc2a5afac6dc5bec20ed56a7351a6d65ef0fe8762b,8,6,2,0.4561616161616162
0d3640c1f1b80f24e94cc9a5f3e1d9e8db7bf6af7d4aba920265f46cadc25e37,21,21,0,0.1091711613855388
f67e72b7fe0b1e3648ea745ffd395c80705c89b0c0c48227991fe6f5815b2a18,12,11,1,0.7248987854251012
